{
    "Zs": [
        9.999999747378752e-06,
        2.9999999242136255e-05,
        9.999999747378752e-05,
        0.0003000000142492354,
        0.0010000000474974513,
        0.0020000000949949026,
        0.003000000026077032,
        0.004999999888241291,
        0.009999999776482582,
        0.019999999552965164,
        0.029999999329447746,
        0.05000000074505806,
        0.10000000149011612
    ],
    "0.000010": {
        "Xs": [
            0.4000000059604645,
            0.5,
            0.6000000238418579,
            0.699999988079071,
            0.800000011920929
        ],
        "fCOs": [
            -1.0,
            0.17000000178813934,
            0.27000001072883606,
            0.28999999165534973,
            0.3100000023841858,
            0.33000001311302185,
            1.350000023841858,
            2.5199999809265137,
            3.700000047683716
        ],
        "fCs": [
            -1.0,
            0.30000001192092896,
            1.600000023841858,
            2.9000000953674316,
            4.199999809265137
        ],
        "fNs": [
            0.0,
            1.1699999570846558,
            2.3499999046325684,
            3.5199999809265137,
            4.699999809265137
        ]
    },
    "0.000030": {
        "Xs": [
            0.4000000059604645,
            0.5,
            0.6000000238418579,
            0.699999988079071,
            0.800000011920929
        ],
        "fCOs": [
            -1.0,
            0.05999999865889549,
            0.27000001072883606,
            0.28999999165534973,
            0.3100000023841858,
            0.33000001311302185,
            1.1100000143051147,
            2.1700000762939453,
            3.2200000286102295
        ],
        "fCs": [
            -1.0,
            0.18000000715255737,
            1.3600000143051147,
            2.5399999618530273,
            3.7200000286102295
        ],
        "fNs": [
            0.0,
            1.059999942779541,
            2.109999895095825,
            3.1700000762939453,
            4.21999979019165
        ]
    },
    "0.000100": {
        "Xs": [
            0.4000000059604645,
            0.5,
            0.6000000238418579,
            0.699999988079071,
            0.800000011920929
        ],
        "fCOs": [
            -1.0,
            -0.07999999821186066,
            0.27000001072883606,
            0.28999999165534973,
            0.3100000023841858,
            0.33000001311302185,
            0.8500000238418579,
            1.7699999809265137,
            2.700000047683716
        ],
        "fCs": [
            -1.0,
            0.05000000074505806,
            1.100000023841858,
            2.1500000953674316,
            3.200000047683716
        ],
        "fNs": [
            0.0,
            0.9200000166893005,
            1.850000023841858,
            2.7699999809265137,
            3.700000047683716
        ]
    },
    "0.000300": {
        "Xs": [
            0.4000000059604645,
            0.5,
            0.6000000238418579,
            0.699999988079071,
            0.800000011920929
        ],
        "fCOs": [
            -1.0,
            -0.1899999976158142,
            0.27000001072883606,
            0.28999999165534973,
            0.3100000023841858,
            0.33000001311302185,
            0.6100000143051147,
            1.4199999570846558,
            2.2200000286102295
        ],
        "fCs": [
            -1.0,
            -0.07000000029802322,
            0.8600000143051147,
            1.7899999618530273,
            2.7200000286102295
        ],
        "fNs": [
            0.0,
            0.8100000023841858,
            1.6100000143051147,
            2.4200000762939453,
            3.2200000286102295
        ]
    },
    "0.001000": {
        "Xs": [
            0.4000000059604645,
            0.5,
            0.6000000238418579,
            0.699999988079071,
            0.800000011920929
        ],
        "fCOs": [
            -1.0,
            -0.33000001311302185,
            0.27000001072883606,
            0.28999999165534973,
            0.3100000023841858,
            0.33000001311302185,
            0.3499999940395355,
            1.0199999809265137,
            1.7000000476837158
        ],
        "fCs": [
            -1.0,
            -0.20000000298023224,
            0.6000000238418579,
            1.399999976158142,
            2.200000047683716
        ],
        "fNs": [
            0.0,
            0.6700000166893005,
            1.350000023841858,
            2.0199999809265137,
            2.700000047683716
        ]
    },
    "0.002000": {
        "Xs": [
            0.4000000059604645,
            0.5,
            0.6000000238418579,
            0.699999988079071,
            0.800000011920929
        ],
        "fCOs": [
            -1.0,
            -0.4000000059604645,
            0.20000000298023224,
            0.27000001072883606,
            0.28999999165534973,
            0.3100000023841858,
            0.33000001311302185,
            0.800000011920929,
            1.399999976158142
        ],
        "fCs": [
            -1.0,
            -0.2800000011920929,
            0.44999998807907104,
            1.1699999570846558,
            1.899999976158142
        ],
        "fNs": [
            0.0,
            0.6000000238418579,
            1.2000000476837158,
            1.7999999523162842,
            2.4000000953674316
        ]
    },
    "0.003000": {
        "Xs": [
            0.4000000059604645,
            0.5,
            0.6000000238418579,
            0.699999988079071,
            0.800000011920929
        ],
        "fCOs": [
            -1.0,
            -0.4399999976158142,
            0.10999999940395355,
            0.27000001072883606,
            0.28999999165534973,
            0.3100000023841858,
            0.33000001311302185,
            0.6700000166893005,
            1.2200000286102295
        ],
        "fCs": [
            -1.0,
            -0.3199999928474426,
            0.36000001430511475,
            1.0399999618530273,
            1.7200000286102295
        ],
        "fNs": [
            0.0,
            0.5600000023841858,
            1.1100000143051147,
            1.6699999570846558,
            2.2200000286102295
        ]
    },
    "0.005000": {
        "Xs": [
            0.4000000059604645,
            0.5,
            0.6000000238418579,
            0.699999988079071,
            0.800000011920929
        ],
        "fCOs": [
            -1.0,
            -0.5,
            0.0,
            0.27000001072883606,
            0.28999999165534973,
            0.3100000023841858,
            0.33000001311302185,
            0.5,
            1.0
        ],
        "fCs": [
            -1.0,
            -0.3799999952316284,
            0.25,
            0.8799999952316284,
            1.5
        ],
        "fNs": [
            0.0,
            0.5,
            1.0,
            1.5,
            2.0
        ]
    },
    "0.010000": {
        "Xs": [
            0.4000000059604645,
            0.5,
            0.6000000238418579,
            0.699999988079071,
            0.800000011920929
        ],
        "fCOs": [
            -1.0,
            -0.5799999833106995,
            -0.15000000596046448,
            0.0,
            0.27000001072883606,
            0.28999999165534973,
            0.3100000023841858,
            0.33000001311302185,
            0.699999988079071
        ],
        "fCs": [
            -1.0,
            -0.44999998807907104,
            0.10000000149011612,
            0.6499999761581421,
            1.2000000476837158
        ],
        "fNs": [
            0.0,
            0.41999998688697815,
            0.8500000238418579,
            1.2699999809265137,
            1.7000000476837158
        ]
    },