{"Li": 6.213055135917368e-07, "Be": 1.0281235548368182e-08, "B": 2.9442539432281245e-07, "C": 0.1723441680393076, "N": 0.05051713704668029, "O": 0.4690263822574766, "F": 2.4884702142252405e-05, "Ne": 0.10425122119375173, "Na": 0.0020832911008088566, "Mg": 0.039550850202704046, "Al": 0.0036164466074365925, "Si": 0.044057043329104026, "P": 0.00048776349917941373, "S": 0.021977896032177386, "Cl": 0.0002889992590840017, "Ar": 0.003918556768220895, "K": 0.0002279689039385831, "Ca": 0.003880332881305942, "Sc": 2.4547211099023e-06, "Ti": 0.00018112790168843204, "V": 2.313705305281283e-05, "Cr": 0.0011033709217569744, "Mn": 0.0008073996331671166, "Fe": 0.07671821734604324, "Co": 0.00020776640862553487, "Ni": 0.004468470834890157, "Cu": 5.321943991585694e-05, "Zn": 0.00018096790428839246}