{"H": 1.00784452176992, "He": 4.0024395583132195, "Li": 6.940047587787, "Be": 9.0121822, "B": 10.811825183120003, "C": 12.0111151644744, "N": 14.006726138838701, "O": 15.9993038612256, "F": 18.9984032, "Ne": 20.131281227092902, "Na": 22.9897693, "Mg": 24.304981753416005, "Al": 26.9815386, "Si": 28.085383638084043, "P": 30.9737616, "S": 32.064368357351, "Cl": 35.452717920271, "Ar": 36.275403598386404, "K": 39.09830204462505, "Ca": 40.07802267168601, "Sc": 44.955911900000004, "Ti": 47.866888926811, "V": 50.94147048790299, "Cr": 51.996119086006104, "Mn": 54.9380451, "Fe": 55.845145623527, "Co": 58.933195100000006, "Ni": 58.693351562447994, "Cu": 63.54556016592001, "Zn": 65.39556266102001, "Ga": 69.72306766110381, "Ge": 72.59138077794, "As": 74.9215965, "Se": 78.95943826002899, "Br": 79.90360788899, "Kr": 83.794490323996, "Rb": 85.46775543961681, "Sr": 87.61394346006901, "Y": 88.9058483, "Zr": 91.22353760296201, "Nb": 92.9063781, "Mo": 95.9317602327337, "Tc": 97.0, "Ru": 101.0650883151767, "Rh": 102.90550430000002, "Pd": 106.4153286064, "Ag": 107.868146886044, "Cd": 112.41155218787002, "In": 114.81812618838401, "Sn": 118.710348126947, "Sb": 121.759726120621, "Te": 127.58558952228302, "I": 126.9044727, "Xe": 131.178528264092, "Cs": 132.9054519, "Ba": 137.32691584675797, "La": 138.90545228402962, "Ce": 140.115686254978, "Pr": 140.9076528, "Nd": 144.25362733957, "Pm": 145.0, "Sm": 150.3659631721705, "Eu": 151.96437047419, "Gd": 157.2520422785067, "Tb": 158.9253468, "Dy": 162.500872501366, "Ho": 164.9303221, "Er": 167.26660021722898, "Tm": 168.9342133, "Yb": 173.03769558776997, "Lu": 174.96666127067996, "Hf": 178.4852204868393, "Ta": 180.94787273468702, "W": 183.8416979861243, "Re": 186.20674666656203, "Os": 190.23497033883442, "Ir": 192.216617105144, "Pt": 195.07782547220458, "Au": 196.96656870000004, "Hg": 200.59778896958989, "Tl": 204.383332426508, "Pb": 211.4556513226832, "Bi": 208.9803987, "Po": 209.0, "At": 210.0, "Rn": 222.0, "Fr": 223.0, "Ra": 226.0, "Ac": 227.0, "Th": 232.03805529999997, "Pa": 231.035881, "U": 238.016046026889, "Np": 237.0, "Pu": 244.0, "Am": 243.0, "Cm": 247.0, "Bk": 247.0, "Cf": 251.0, "Es": 252.0, "Fm": 257.0, "Md": 258.0, "No": 259.0, "Lr": 262.0, "Rf": 267.0, "Db": 270.0, "Sg": 269.0, "Bh": 270.0, "Hs": 270.0, "Mt": 278.0, "Ds": 281.0, "Rg": 281.0, "Cn": 285.0, "Nh": 286.0, "Fl": 289.0, "Mc": 289.0, "Lv": 293.0, "Ts": 293.0, "Og": 294.0}